policy_id,generation,source,operation,probability,magnitude
heuristic_init_000,0,heuristic,RandomResizedCrop,0.77,0.32
heuristic_init_000,0,heuristic,HorizontalFlip,0.32,0.67
heuristic_init_000,0,heuristic,RandomResizedCrop,0.27,0.22
heuristic_init_000,0,heuristic,GaussianBlur,0.41,0.57
heuristic_init_000,0,heuristic,ColorJitter,0.64,0.65
heuristic_init_001,0,heuristic,Rotation,0.25,0.71
heuristic_init_001,0,heuristic,Rotation,0.74,0.39
heuristic_init_001,0,heuristic,ColorJitter,0.36,0.82
heuristic_init_001,0,heuristic,HorizontalFlip,0.52,0.4
heuristic_init_001,0,heuristic,RandomResizedCrop,0.49,0.34
heuristic_init_002,0,heuristic,Affine,0.68,0.75
heuristic_init_002,0,heuristic,Affine,0.65,0.64
heuristic_init_002,0,heuristic,GaussianBlur,0.28,0.31
heuristic_init_003,0,heuristic,Rotation,0.69,0.41
heuristic_init_003,0,heuristic,ColorJitter,0.51,0.3
heuristic_init_004,0,heuristic,GaussianBlur,0.69,0.52
heuristic_init_004,0,heuristic,HorizontalFlip,0.57,0.34
heuristic_init_004,0,heuristic,RandomResizedCrop,0.73,0.74
heuristic_init_004,0,heuristic,RandomErasing,0.79,0.31
heuristic_init_004,0,heuristic,Rotation,0.27,0.37
heuristic_init_005,0,heuristic,Affine,0.6,0.77
heuristic_init_005,0,heuristic,Rotation,0.7,0.25
heuristic_init_005,0,heuristic,GaussianBlur,0.35,0.67
heuristic_init_005,0,heuristic,Rotation,0.55,0.56
heuristic_init_005,0,heuristic,HorizontalFlip,0.5,0.85
heuristic_init_005,0,heuristic,GaussianBlur,0.35,0.5
heuristic_init_005,0,heuristic,ColorJitter,0.33,0.59
heuristic_init_006,0,heuristic,ColorJitter,0.95,0.52
heuristic_init_006,0,heuristic,GaussianBlur,0.93,0.75
heuristic_init_007,0,heuristic,VerticalFlip,0.49,0.36
heuristic_init_007,0,heuristic,GaussianBlur,0.36,0.15
heuristic_init_007,0,heuristic,GaussianBlur,0.93,0.68
heuristic_init_007,0,heuristic,HorizontalFlip,0.61,0.22
heuristic_init_007,0,heuristic,Rotation,0.69,0.74
heuristic_init_007,0,heuristic,GaussianBlur,0.51,0.26
heuristic_init_007,0,heuristic,Rotation,0.92,0.8
heuristic_init_007,0,heuristic,HorizontalFlip,0.89,0.57
gen01_mut_000,1,heuristic_feedback,VerticalFlip,0.49,0.36
gen01_mut_000,1,heuristic_feedback,GaussianBlur,0.36,0.15
gen01_mut_000,1,heuristic_feedback,Rotation,0.82,0.81
gen01_mut_000,1,heuristic_feedback,HorizontalFlip,0.61,0.22
gen01_mut_000,1,heuristic_feedback,Rotation,0.69,0.74
gen01_mut_000,1,heuristic_feedback,GaussianBlur,0.51,0.26
gen01_mut_000,1,heuristic_feedback,Rotation,0.92,0.8
gen01_mut_000,1,heuristic_feedback,HorizontalFlip,0.89,0.57
gen01_mut_001,1,heuristic_feedback,Affine,0.6,0.77
gen01_mut_001,1,heuristic_feedback,Rotation,0.7,0.25
gen01_mut_001,1,heuristic_feedback,GaussianBlur,0.35,0.67
gen01_mut_001,1,heuristic_feedback,Rotation,0.55,0.56
gen01_mut_001,1,heuristic_feedback,HorizontalFlip,0.5,0.85
gen01_mut_001,1,heuristic_feedback,GaussianBlur,0.35,0.5
gen01_mut_001,1,heuristic_feedback,ColorJitter,0.33,0.59
gen01_mut_002,1,heuristic_feedback,ColorJitter,0.95,0.52
gen01_mut_002,1,heuristic_feedback,RandomErasing,0.36,0.52
gen01_cross_003,1,heuristic_crossover,GaussianBlur,0.51,0.26
gen01_cross_003,1,heuristic_crossover,Rotation,0.92,0.8
gen01_cross_003,1,heuristic_crossover,HorizontalFlip,0.89,0.57
gen01_cross_003,1,heuristic_crossover,GaussianBlur,0.93,0.68
gen01_cross_003,1,heuristic_crossover,HorizontalFlip,0.61,0.22
gen01_cross_003,1,heuristic_crossover,Rotation,0.69,0.74
gen01_mut_004,1,heuristic_feedback,Affine,0.6,0.77
gen01_mut_004,1,heuristic_feedback,Rotation,0.7,0.25
gen01_mut_004,1,heuristic_feedback,GaussianBlur,0.35,0.67
gen01_mut_004,1,heuristic_feedback,Rotation,0.55,0.56
gen01_mut_004,1,heuristic_feedback,HorizontalFlip,0.5,0.85
gen01_mut_004,1,heuristic_feedback,GaussianBlur,0.35,0.5
gen01_mut_004,1,heuristic_feedback,ColorJitter,0.9,0.6
gen01_mut_005,1,heuristic_feedback,ColorJitter,0.84,0.44
gen01_mut_005,1,heuristic_feedback,GaussianBlur,0.93,0.75
gen01_cross_006,1,heuristic_crossover,GaussianBlur,0.51,0.26
gen01_cross_006,1,heuristic_crossover,Rotation,0.92,0.8
gen01_cross_006,1,heuristic_crossover,HorizontalFlip,0.89,0.57
gen01_cross_006,1,heuristic_crossover,GaussianBlur,0.51,0.26
gen01_cross_006,1,heuristic_crossover,Rotation,0.92,0.8
gen01_cross_006,1,heuristic_crossover,HorizontalFlip,0.89,0.57
gen01_mut_007,1,heuristic_feedback,Affine,0.68,0.55
gen01_mut_007,1,heuristic_feedback,Rotation,0.7,0.25
gen01_mut_007,1,heuristic_feedback,GaussianBlur,0.35,0.67
gen01_mut_007,1,heuristic_feedback,Rotation,0.55,0.56
gen01_mut_007,1,heuristic_feedback,HorizontalFlip,0.5,0.85
gen01_mut_007,1,heuristic_feedback,GaussianBlur,0.35,0.5
gen01_mut_007,1,heuristic_feedback,ColorJitter,0.33,0.59
gen02_mut_000,2,heuristic_feedback,ColorJitter,0.95,0.52
gen02_mut_000,2,heuristic_feedback,RandomErasing,0.36,0.52
gen02_mut_000,2,heuristic_feedback,RandomResizedCrop,0.58,0.34
gen02_mut_001,2,heuristic_feedback,Rotation,0.92,0.8
gen02_mut_001,2,heuristic_feedback,HorizontalFlip,0.89,0.57
gen02_mut_001,2,heuristic_feedback,GaussianBlur,0.93,0.68
gen02_mut_001,2,heuristic_feedback,HorizontalFlip,0.61,0.22
gen02_mut_001,2,heuristic_feedback,Rotation,0.69,0.74
gen02_mut_002,2,heuristic_feedback,GaussianBlur,0.51,0.26
gen02_mut_002,2,heuristic_feedback,Rotation,0.92,0.8
gen02_mut_002,2,heuristic_feedback,HorizontalFlip,0.89,0.57
gen02_mut_002,2,heuristic_feedback,HorizontalFlip,0.68,0.4
gen02_mut_002,2,heuristic_feedback,Rotation,0.92,0.8
gen02_mut_002,2,heuristic_feedback,HorizontalFlip,0.89,0.57
gen02_cross_003,2,heuristic_crossover,ColorJitter,0.95,0.52
gen02_cross_003,2,heuristic_crossover,RandomErasing,0.36,0.52
gen02_cross_003,2,heuristic_crossover,ColorJitter,0.95,0.52
gen02_cross_003,2,heuristic_crossover,RandomErasing,0.36,0.52
gen02_mut_004,2,heuristic_feedback,GaussianBlur,0.47,0.18
gen02_mut_004,2,heuristic_feedback,Rotation,0.92,0.8
gen02_mut_004,2,heuristic_feedback,HorizontalFlip,0.89,0.57
gen02_mut_004,2,heuristic_feedback,GaussianBlur,0.93,0.68
gen02_mut_004,2,heuristic_feedback,HorizontalFlip,0.61,0.22
gen02_mut_004,2,heuristic_feedback,Rotation,0.69,0.74
gen02_mut_005,2,heuristic_feedback,RandomErasing,0.54,0.45
gen02_mut_005,2,heuristic_feedback,Rotation,0.92,0.8
gen02_mut_005,2,heuristic_feedback,HorizontalFlip,0.89,0.57
gen02_mut_005,2,heuristic_feedback,GaussianBlur,0.51,0.26
gen02_mut_005,2,heuristic_feedback,Rotation,0.92,0.8
gen02_mut_005,2,heuristic_feedback,HorizontalFlip,0.89,0.57
gen02_cross_006,2,heuristic_crossover,ColorJitter,0.95,0.52
gen02_cross_006,2,heuristic_crossover,RandomErasing,0.36,0.52
gen02_cross_006,2,heuristic_crossover,ColorJitter,0.95,0.52
gen02_cross_006,2,heuristic_crossover,RandomErasing,0.36,0.52
gen02_mut_007,2,heuristic_feedback,GaussianBlur,0.51,0.26
gen02_mut_007,2,heuristic_feedback,Rotation,0.92,0.8
gen02_mut_007,2,heuristic_feedback,GaussianBlur,0.93,0.68
gen02_mut_007,2,heuristic_feedback,HorizontalFlip,0.61,0.22
gen02_mut_007,2,heuristic_feedback,Rotation,0.69,0.74
gen03_mut_000,3,heuristic_feedback,ColorJitter,0.82,0.51
gen03_mut_000,3,heuristic_feedback,RandomErasing,0.36,0.52
gen03_mut_001,3,heuristic_feedback,GaussianBlur,0.51,0.26
gen03_mut_001,3,heuristic_feedback,Rotation,0.92,0.8
gen03_mut_001,3,heuristic_feedback,HorizontalFlip,0.89,0.57
gen03_mut_001,3,heuristic_feedback,GaussianBlur,0.88,0.92
gen03_mut_001,3,heuristic_feedback,HorizontalFlip,0.61,0.22
gen03_mut_001,3,heuristic_feedback,Rotation,0.69,0.74
gen03_mut_002,3,heuristic_feedback,Rotation,0.92,0.8
gen03_mut_002,3,heuristic_feedback,HorizontalFlip,0.89,0.57
gen03_mut_002,3,heuristic_feedback,GaussianBlur,0.93,0.68
gen03_mut_002,3,heuristic_feedback,HorizontalFlip,0.61,0.22
gen03_mut_002,3,heuristic_feedback,Rotation,0.69,0.74
gen03_cross_003,3,heuristic_crossover,ColorJitter,0.95,0.52
gen03_cross_003,3,heuristic_crossover,RandomErasing,0.36,0.52
gen03_cross_003,3,heuristic_crossover,ColorJitter,0.95,0.52
gen03_cross_003,3,heuristic_crossover,RandomErasing,0.36,0.52
gen03_mut_004,3,heuristic_feedback,GaussianBlur,0.51,0.26
gen03_mut_004,3,heuristic_feedback,Rotation,0.92,0.8
gen03_mut_004,3,heuristic_feedback,HorizontalFlip,0.89,0.57
gen03_mut_004,3,heuristic_feedback,GaussianBlur,0.73,0.19
gen03_mut_004,3,heuristic_feedback,HorizontalFlip,0.61,0.22
gen03_mut_004,3,heuristic_feedback,Rotation,0.69,0.74
gen03_mut_005,3,heuristic_feedback,HorizontalFlip,0.89,0.57
gen03_mut_005,3,heuristic_feedback,GaussianBlur,0.93,0.68
gen03_mut_005,3,heuristic_feedback,HorizontalFlip,0.61,0.22
gen03_mut_005,3,heuristic_feedback,Rotation,0.69,0.74
gen03_cross_006,3,heuristic_crossover,ColorJitter,0.95,0.52
gen03_cross_006,3,heuristic_crossover,RandomErasing,0.36,0.52
gen03_cross_006,3,heuristic_crossover,ColorJitter,0.95,0.52
gen03_cross_006,3,heuristic_crossover,RandomErasing,0.36,0.52
gen03_mut_007,3,heuristic_feedback,GaussianBlur,0.51,0.26
gen03_mut_007,3,heuristic_feedback,Rotation,0.92,0.8
gen03_mut_007,3,heuristic_feedback,HorizontalFlip,1.0,0.52
gen03_mut_007,3,heuristic_feedback,GaussianBlur,0.93,0.68
gen03_mut_007,3,heuristic_feedback,HorizontalFlip,0.61,0.22
gen03_mut_007,3,heuristic_feedback,Rotation,0.69,0.74
